6) Cannelle.PNG|canelle
5) Codineige.PNG|codineige
1) Royal Glaze Temporary.PNG|royal-glaze
2) Strawberry Glaze.PNG|strawberry-glaze
3) Nutella Glaze Temporary.PNG|nutella-glaze
4) Lotus Glaze.PNG|lotus-glaze
9) Only You.PNG|only-you
11) Only You Dark.PNG|only-you-dark
10) Only You White Temporary.PNG|only-you-white
13) Only Pistache.PNG|only-pistache
12) Caramel Coco.PNG|caramel-coco
15) Cookies n Cream Temporary.PNG|cookies-n-cream
16) Biscuit Crunch Temporary.PNG|biscuit-crunch
17) PB&J.PNG|pb-j
7) Strawberry Jam Temporary.PNG|strawberry-jam
18) Raspberry Jam.PNG|raspberry-jam
19) Blackberry jam.PNG|blackberry-jam
8) Simply Nutella.PNG|simply-nutella
25) Boston Dream.PNG|boston-dream
25) Boston Cream.PNG|boston-cream
26) White Boston.PNG|white-boston
24) Creme Brulee.PNG|cr-me-brulee
21) Creamy Cloud.PNG|creamy-cloud
23) White Cloud.PNG|white-cloud
28) Perdu Cloud.PNG|perdu-cloud
30) Pain Perdu Lotus.PNG|pain-perdu-lotus
29) Pain Perdu Nutella.PNG|pain-perdu-nutella
36) Triumph Caramel Cheesecake.PNG|triumph-caramel-cheesecake
31) Perdu Bites.PNG|perdu-bites
35) Bueno.PNG|bueno
35) Choco Bueno.PNG|choco-bueno
34) Ole Oreo.PNG|ole-oreo
33) Lotus Deluxe Temporary.PNG|lotus-deluxe
43) Monkey Nutella Temporary.PNG|monkey-nutella
38) Creamy Nutella Temporary.PNG|creamy-nutella
37) Nutella Cheesecake.PNG|nutella-cheesecake
46) Captain Cookie Temporary.PNG|captain-cookie
47) Captain Cookie White.PNG|captain-cookie-white
63) Hazel Brownie.PNG|hazel-brownie
39) Lucky Brownie.PNG|lucky-brownie
40) Super Brownie Perdu.PNG|super-brownie-perdu
41) Le Truffe Temporary.PNG|le-truffe
42) Le Truffe Blanc.PNG|le-truffe-blanc
45) Strawberry Cheesecake.PNG|strawberry-cheesecake
44) Ma Tarte Aux Fraises.PNG|ma-tarte-aux-fraises
44) Super Berry Perdu.PNG|super-berry-perdu
57) American Cheesecake.PNG|american-cheesecake
58) American Strawberry Cheesecake.PNG|american-strawberry-cheesecake
53) Salted Butter Caramel Cheesecake.PNG|salted-butter-caramel-cheescake
54) Cheesecake Dream Perdu.PNG|cheesecake-dream-perdu
50) Oh Pain Perdu.PNG|oh-pain-perdu
51) Pain Perdu Intense temporary.PNG|pain-perdu-intense
52) Choco Cheese Perdu Temporary.PNG|choco-cheese-perdu
56) Strawberry Cheesecake Perdu.PNG|strawberry-cheesecake-perdu
60) Pink Lotus.jpg|pink-lotus
59 Tarte Tatin.PNG|tarte-tatin
61) Bean Special.PNG|bean-special
62) Pistache Temporary.PNG|pistache
65) Ruby Crown.PNG|ruby-crown
64) Midnight Crunch.PNG|midnight-crunch